Rank Sum Pos,Rank Sum Neg,U Stat Pos,U Stat Neg,MCRNI,AUC,Accuracy,Precision,Recall,F1 Score
13292,18083,11212.0,692.0,82.1875,0.9418682795698925,0.9,0.8421052631578947,0.75,0.7933884297520661
