Rank Sum Pos,Rank Sum Neg,U Stat Pos,U Stat Neg,MCRNI,AUC,Accuracy,Precision,Recall,F1 Score
13077,18298,10997.0,907.0,78.828125,0.923807123655914,0.908,0.9555555555555556,0.671875,0.7889908256880734
