Rank Sum Pos,Rank Sum Neg,U Stat Pos,U Stat Neg,MCRNI,AUC,Accuracy,Precision,Recall,F1 Score
13305,18070,11225.0,679.0,82.390625,0.9429603494623656,0.892,0.9111111111111111,0.640625,0.7522935779816514
