Rank Sum Pos,Rank Sum Neg,U Stat Pos,U Stat Neg,MCRNI,AUC,Accuracy,Precision,Recall,F1 Score
13251,18124,11171.0,733.0,81.546875,0.938424059139785,0.884,0.8301886792452831,0.6875,0.7521367521367521
