Rank Sum Pos,Rank Sum Neg,U Stat Pos,U Stat Neg,MCRNI,AUC,Accuracy,Precision,Recall,F1 Score
16471,14904,12816.0,1209.0,68.2764705882353,0.9137967914438503,0.82,0.803030303030303,0.6235294117647059,0.7019867549668874
