Rank Sum Pos,Rank Sum Neg,U Stat Pos,U Stat Neg,MCRNI,AUC,Accuracy,Precision,Recall,F1 Score
16958,14417,13303.0,722.0,74.00588235294117,0.9485204991087345,0.904,0.9295774647887324,0.7764705882352941,0.8461538461538461
