Rank Sum Pos,Rank Sum Neg,U Stat Pos,U Stat Neg,MCRNI,AUC,Accuracy,Precision,Recall,F1 Score
16592,14783,12937.0,1088.0,69.7,0.9224242424242425,0.868,0.9642857142857143,0.6352941176470588,0.7659574468085106
