Rank Sum Pos,Rank Sum Neg,U Stat Pos,U Stat Neg,MCRNI,AUC,Accuracy,Precision,Recall,F1 Score
16930,14445,13275.0,750.0,73.67647058823529,0.946524064171123,0.876,0.8970588235294118,0.7176470588235294,0.7973856209150327
