Rank Sum Pos,Rank Sum Neg,U Stat Pos,U Stat Neg,MCRNI,AUC,Accuracy,Precision,Recall,F1 Score
37293,5778,13422.0,2928.0,24.068807339449542,0.8209174311926606,0.8191126279863481,0.8602620087336245,0.9036697247706422,0.8814317673378076
