Rank Sum Pos,Rank Sum Neg,U Stat Pos,U Stat Neg,MCRNI,AUC,Accuracy,Precision,Recall,F1 Score
37995,5076,14124.0,2226.0,27.288990825688074,0.8638532110091743,0.8293515358361775,0.836,0.9587155963302753,0.8931623931623932
