Rank Sum Pos,Rank Sum Neg,U Stat Pos,U Stat Neg,MCRNI,AUC,Accuracy,Precision,Recall,F1 Score
37763,5308,13892.0,2458.0,26.224770642201836,0.8496941896024465,0.8122866894197952,0.8590308370044053,0.8944954128440367,0.8764044943820225
