Rank Sum Pos,Rank Sum Neg,U Stat Pos,U Stat Neg,MCRNI,AUC,Accuracy,Precision,Recall,F1 Score
38059,5012,14188.0,2162.0,27.58256880733945,0.8677675840978594,0.825938566552901,0.8711111111111111,0.8990825688073395,0.8848758465011287
