Rank Sum Pos,Rank Sum Neg,U Stat Pos,U Stat Neg,MCRNI,AUC,Accuracy,Precision,Recall,F1 Score
19773,12612,11898.0,4227.0,30.684,0.7378294573643411,0.6811023622047244,0.7115384615384616,0.592,0.6462882096069869
