Rank Sum Pos,Rank Sum Neg,U Stat Pos,U Stat Neg,MCRNI,AUC,Accuracy,Precision,Recall,F1 Score
20403,11982,12528.0,3597.0,35.724,0.7768992248062014,0.6850393700787402,0.6991150442477876,0.632,0.6638655462184874
