Rank Sum Pos,Rank Sum Neg,U Stat Pos,U Stat Neg,MCRNI,AUC,Accuracy,Precision,Recall,F1 Score
20553,11832,12678.0,3447.0,36.924,0.7862325581395349,0.7362204724409449,0.7589285714285714,0.68,0.7172995780590717
