Rank Sum Pos,Rank Sum Neg,U Stat Pos,U Stat Neg,MCRNI,AUC,Accuracy,Precision,Recall,F1 Score
20126,12259,12251.0,3874.0,33.508,0.7597519379844963,0.6929133858267716,0.7079646017699115,0.64,0.6722689075630253
